{
  "model_version": 1,
  "dataset_version": 2,
  "model_type": "logistic_regression_gd",
  "hyperparameters": {
    "epochs": 5000,
    "learning_rate": 0.3,
    "l2": 0.001
  },
  "feature_names": [
    "minute",
    "gold_diff",
    "xp_diff",
    "cs_diff",
    "tower_diff",
    "dragon_diff",
    "herald_diff",
    "baron_diff",
    "gold_diff_x_time",
    "xp_diff_x_time"
  ],
  "means": [
    14.143307707470925,
    35.997437413759116,
    -30.790754977330966,
    -2.6342400946185687,
    0.0026611472501478417,
    -0.18874433274196728,
    0.08210132071752414,
    -0.0072935146855903805,
    38.90031539522965,
    -44.49094224324857
  ],
  "stds": [
    9.24308485527229,
    3553.640764209293,
    3784.6008293464624,
    49.141309399249934,
    1.9269358630545206,
    1.2656103759739132,
    0.579617117026336,
    0.419495848835656,
    4296.172290218068,
    4811.019611603267
  ],
  "coefficients": [
    -0.08308533580224332,
    1.298139882642292,
    1.0880561788925318,
    0.14758863071047149,
    -0.06352919699962387,
    0.24947327249589304,
    0.013558249687053776,
    -0.14063209897192247,
    -0.7693493325821825,
    -0.45210800792340183
  ],
  "intercept": -0.057442218872253266,
  "domain": "soloq",
  "queue_id": 420,
  "train_matches": 368,
  "train_rows": 10146
}
